config01:Slider00:Status,Threshold,Resolution,TS15:Measurement Value,TS14:Measurement Value,TS13:Measurement Value,TS12:Measurement Value,TS01:Measurement Value
65535,909,100,11422,11435,11424,11434,11319
65535,909,100,11424,11449,11407,11435,11332
65535,909,100,11439,11449,11412,11418,11334
65535,909,100,11447,11445,11402,11398,11343
65535,909,100,11440,11440,11421,11384,11350
65535,909,100,11443,11435,11431,11395,11345
65535,909,100,11457,11438,11441,11408,11355
65535,909,100,11460,11432,11414,11378,11364
65535,909,100,11460,11428,11403,11365,11364
65535,909,100,11452,11427,11400,11362,11367
65535,909,100,11446,11421,11395,11362,11373
65535,909,100,11451,11421,11418,11381,11375
65535,909,100,11436,11422,11431,11397,11343
65535,909,100,11445,11430,11439,11386,11325
65535,909,100,11438,11426,11445,11403,11302
65535,909,100,11439,11418,11454,11410,11316
65535,909,100,11436,11459,11466,11396,11297
65535,909,100,11443,11455,11470,11411,11311
65535,909,100,11436,11447,11470,11390,11294
65535,909,100,11445,11439,11447,11406,11312
65535,909,100,11441,11436,11437,11388,11331
65535,909,100,11449,11435,11414,11402,11350
65535,909,100,11451,11428,11405,11411,11324
65535,909,100,11450,11430,11417,11404,11338
65535,909,100,11468,11430,11420,11409,11346
65535,909,100,11453,11432,11432,11393,11324
65535,909,100,11452,11437,11417,11408,11334
65535,909,100,11445,11433,11423,11394,11345
65535,909,100,11450,11423,11422,11413,11357
65535,909,100,11460,11428,11402,11422,11357
65535,909,100,11467,11424,11387,11434,11364
65535,909,100,11451,11426,11378,11412,11366
65535,909,100,11459,11430,11406,11395,11361
65535,909,100,11459,11429,11425,11417,11364
65535,909,100,11468,11432,11443,11392,11329
65535,909,100,11468,11428,11440,11411,11334
65535,909,100,11450,11427,11439,11429,11311
65535,909,100,11459,11429,11458,11427,11327
65535,909,100,11462,11426,11439,11407,11343
65535,909,100,11448,11426,11448,11422,11315
65535,909,100,11444,11428,11454,11432,11296
65535,909,100,11429,11428,11447,11414,11284
65535,909,100,11438,11425,11453,11420,11311
65535,909,100,11445,11423,11445,11391,11346
65535,909,100,11453,11424,11447,11407,11319
65535,909,100,11458,11478,11425,11419,11329
65535,909,100,11439,11460,11443,11404,11339
65535,909,100,11432,11455,11451,11392,11320
65535,909,100,11436,11455,11425,11418,11332
65535,909,100,11434,11445,11436,11437,11311
65535,909,100,11447,11446,11442,11411,11340
65535,909,100,11446,11440,11442,11392,11340
65535,909,100,11450,11434,11449,11404,11343
65535,909,100,11452,11434,11448,11387,11313
65535,909,100,11451,11425,11448,11405,11289
65535,909,100,11454,11428,11455,11413,11308
65535,909,100,11454,11425,11458,11401,11292
65535,909,100,11447,11429,11457,11413,11301
65535,909,100,11457,11431,11445,11410,11302
65535,909,100,11447,11431,11441,11392,11321
65535,909,100,11448,11430,11443,11382,11311
65535,909,100,11455,11434,11450,11381,11333
65535,909,100,11453,11439,11452,11419,11337
65535,909,100,11462,11440,11458,11397,11343
65535,909,100,11480,11428,11437,11410,11350
65535,909,100,11455,11478,11446,11407,11354
65535,909,100,11449,11468,11450,11402,11358
65535,909,100,11447,11458,11461,11393,11324
65535,909,100,11446,11460,11431,11420,11344
65535,909,100,11457,11456,11418,11408,11343
65535,909,100,11464,11500,11438,11427,11349
65535,909,100,11461,11542,11413,11402,11362
65535,909,100,11454,11521,11421,11413,11358
65535,909,100,11431,11494,11401,11421,11371
65535,909,100,11437,11477,11395,11436,11362
65535,909,100,11439,11460,11415,11444,11331
65535,909,100,11455,11447,11429,11457,11338
65535,909,100,11455,11441,11408,11430,11342
65535,909,100,11452,11440,11424,11405,11354
65535,909,100,11438,11442,11413,11387,11353
65535,909,100,11443,11442,11420,11372,11363
65535,909,100,11442,11440,11414,11399,11374
65535,909,100,11445,11436,11428,11416,11375
65535,909,100,11463,11440,11418,11421,11370
65535,909,100,11469,11441,11425,11404,11338
65535,909,100,11473,11437,11412,11400,11348
65535,909,100,11469,11450,11436,11410,11324
65535,909,100,11460,11453,11424,11401,11331
65535,909,100,11471,11454,11441,11389,11342
65535,909,100,11476,11459,11460,11411,11351
65535,909,100,11478,11457,11461,11431,11353
65535,909,100,11464,11459,11466,11447,11352
65535,909,100,11468,11454,11442,11443,11332
65535,909,100,11450,11450,11449,11418,11342
65535,909,100,11451,11447,11439,11431,11342
65535,909,100,11447,11449,11439,11436,11328
65535,909,100,11445,11448,11460,11450,11308
65535,909,100,11427,11443,11458,11434,11317
65535,909,100,11441,11435,11442,11441,11322
65535,909,100,11438,11434,11451,11451,11335
65535,909,100,11433,11441,11453,11430,11350
65535,909,100,11440,11444,11459,11439,11322
65535,909,100,11448,11450,11460,11415,11326
65535,909,100,11473,11452,11438,11398,11353
65535,909,100,11469,11490,11423,11415,11325
65535,909,100,11477,11473,11432,11431,11338
65535,909,100,11480,11469,11427,11422,11356
65535,909,100,11491,11480,11416,11414,11332
65535,909,100,11480,11472,11409,11428,11344
65535,909,100,11483,11478,11433,11413,11362
65535,909,100,11484,11480,11453,11405,11375
65535,909,100,11487,11470,11457,11398,11375
65535,909,100,11460,11468,11469,11432,11379
65535,909,100,11474,11463,11447,11446,11380
65535,909,100,11478,11471,11460,11458,11381
65535,909,100,11470,11469,11456,11437,11390
65535,909,100,11461,11466,11452,11432,11358
65535,909,100,11451,11455,11457,11419,11370
65535,909,100,11446,11456,11464,11407,11371
65535,909,100,11459,11452,11472,11399,11373
65535,909,100,11453,11453,11469,11411,11380
65535,909,100,11463,11446,11469,11432,11380
65535,909,100,11446,11457,11444,11423,11380
65535,909,100,11459,11452,11432,11407,11379
65535,909,100,11449,11445,11415,11399,11380
65535,909,100,11442,11445,11410,11391,11382
65535,909,100,11436,11457,11415,11380,11362
65535,909,100,11435,11462,11434,11376,11371
65535,909,100,11445,11461,11416,11365,11373
65535,909,100,11438,11459,11405,11399,11386
65535,909,100,11429,11452,11401,11380,11388
65535,909,100,11438,11455,11386,11374,11362
65535,909,100,11439,11462,11383,11392,11340
65535,909,100,11435,11464,11402,11420,11350
65535,909,100,11437,11464,11424,11406,11361
65535,909,100,11438,11464,11406,11414,11371
65535,909,100,11426,11509,11417,11403,11375
65535,909,100,11430,11494,11438,11383,11391
65535,909,100,11429,11487,11454,11404,11393
65535,909,100,11443,11481,11433,11417,11393
65535,909,100,11442,11472,11417,11393,11386
65535,909,100,11437,11465,11413,11378,11387
65535,909,100,11444,11465,11433,11397,11397
65535,909,100,11457,11467,11438,11388,11406
65535,909,100,11450,11464,11442,11401,11398
65535,909,100,11439,11464,11455,11416,11394
65535,909,100,11450,11458,11469,11398,11374
65535,909,100,11459,11454,11443,11415,11339
65535,909,100,11443,11450,11443,11400,11339
65535,909,100,11452,11458,11459,11394,11355
65535,909,100,11450,11458,11467,11383,11364
65535,909,100,11446,11456,11462,11405,11366
65535,909,100,11457,11461,11465,11410,11360
65535,909,100,11463,11457,11458,11423,11361
65535,909,100,11465,11465,11455,11436,11370
65535,909,100,11472,11498,11452,11450,11378
65535,909,100,11472,11491,11440,11450,11379
65535,909,100,11475,11478,11423,11425,11342
65535,909,100,11473,11475,11442,11429,11326
65535,909,100,11469,11469,11450,11446,11346
65535,909,100,11457,11454,11460,11447,11358
65535,909,100,11446,11450,11465,11453,11362
65535,909,100,11453,11448,11471,11462,11356
65535,909,100,11458,11441,11465,11446,11357
65535,909,100,11465,11442,11445,11415,11363
65535,909,100,11472,11453,11455,11428,11334
65535,909,100,11466,11449,11436,11441,11344
65535,909,100,11465,11455,11415,11421,11360
65535,909,100,11462,11458,11440,11440,11369
65535,909,100,11457,11454,11431,11437,11374
65535,909,100,11467,11447,11431,11436,11389
65535,909,100,11476,11448,11416,11448,11359
65535,909,100,11455,11455,11437,11459,11362
65535,909,100,11459,11440,11448,11430,11363
65535,909,100,11458,11445,11441,11411,11364
65535,909,100,11466,11443,11445,11439,11374
65535,909,100,11447,11439,11434,11419,11346
65535,909,100,11455,11439,11414,11430,11349
65535,909,100,11449,11445,11442,11433,11355
65535,909,100,11448,11446,11432,11414,11369
65535,909,100,11442,11442,11444,11395,11343
65535,909,100,11434,11442,11455,11390,11319
65535,909,100,11438,11430,11453,11376,11326
65535,909,100,11434,11427,11464,11382,11335
65535,909,100,11424,11429,11456,11373,11332
65535,909,100,11447,11437,11462,11397,11312
65535,909,100,11438,11444,11463,11378,11332
65535,909,100,11437,11446,11446,11394,11344
65535,909,100,11449,11445,11454,11392,11354
65535,909,100,11465,11446,11463,11414,11334
65535,909,100,11460,11447,11469,11429,11344
65535,909,100,11469,11450,11479,11438,11348
65535,909,100,11458,11441,11479,11459,11357
65535,909,100,11466,11454,11452,11447,11380
65535,909,100,11473,11459,11450,11436,11382
65535,909,100,11473,11468,11436,11444,11382
65535,909,100,11472,11468,11442,11452,11377
65535,909,100,11463,11458,11446,11431,11376
65535,909,100,11459,11511,11456,11412,11356
65535,909,100,11454,11491,11460,11430,11343
65535,909,100,11472,11472,11466,11422,11359
65535,909,100,11479,11462,11474,11442,11376
65535,909,100,11484,11457,11450,11441,11381
65535,909,100,11467,11453,11432,11416,11382
65535,909,100,11464,11448,11425,11420,11391
65535,909,100,11451,11449,11445,11438,11391
65535,909,100,11439,11441,11453,11447,11389
65535,909,100,11446,11446,11432,11429,11387
65535,909,100,11439,11441,11426,11396,11394
65535,909,100,11435,11450,11420,11407,11397
65535,909,100,11429,11450,11439,11392,11361
65535,909,100,11441,11453,11430,11384,11373
65535,909,100,11435,11455,11420,11369,11368
65535,909,100,11442,11448,11433,11397,11352
65535,909,100,11436,11450,11441,11403,11359
65535,909,100,11434,11450,11429,11420,11361
65535,909,100,11435,11453,11448,11439,11371
65535,909,100,11435,11456,11461,11441,11386
65535,909,100,11465,11460,11446,11432,11392
65535,909,100,11458,11456,11443,11441,11398
65535,909,100,11467,11449,11456,11444,11400
65535,909,100,11465,11450,11455,11451,11401
65535,909,100,11472,11453,11440,11456,11396
65535,909,100,11459,11455,11457,11439,11403
65535,909,100,11451,11453,11467,11432,11400
65535,909,100,11474,11462,11479,11413,11414
65535,909,100,11463,11494,11489,11437,11416
65535,909,100,11462,11494,11465,11427,11408
65535,909,100,11458,11489,11449,11413,11405
65535,909,100,11459,11484,11457,11401,11397
65535,909,100,11453,11489,11443,11422,11370
65535,909,100,11452,11490,11465,11435,11350
65535,909,100,11462,11474,11460,11450,11360
65535,909,100,11460,11475,11440,11461,11337
65535,909,100,11455,11477,11459,11459,11356
65535,909,100,11450,11470,11478,11432,11339
65535,909,100,11448,11455,11482,11412,11318
65535,909,100,11444,11459,11497,11424,11345
65535,909,100,11442,11460,11501,11446,11379
65535,909,100,11452,11465,11477,11417,11395
65535,909,100,11454,11461,11460,11425,11403
65535,909,100,11470,11462,11470,11418,11392
65535,909,100,11473,11466,11442,11437,11403
65535,909,100,11450,11463,11458,11455,11399
65535,909,100,11443,11449,11429,11421,11388
65535,909,100,11437,11521,11411,11408,11389
65535,909,100,11428,11508,11409,11401,11364
65535,909,100,11432,11485,11437,11413,11350
65535,909,100,11447,11479,11447,11406,11356
65535,909,100,11442,11471,11457,11436,11327
65535,909,100,11446,11465,11465,11425,11337
65535,909,100,11451,11460,11465,11412,11353
65535,909,100,11446,11459,11452,11400,11352
65535,909,100,11439,11456,11432,11393,11365
65535,909,100,11445,11457,11416,11415,11338
65535,909,100,11448,11455,11430,11435,11353
65535,909,100,11447,11445,11425,11442,11364
65535,909,100,11448,11460,11426,11455,11357
65535,909,100,11450,11460,11437,11440,11367
65535,909,100,11447,11459,11450,11422,11366
65535,909,100,11439,11460,11458,11406,11361
65535,909,100,11447,11462,11462,11424,11374
65535,909,100,11437,11458,11437,11438,11389
65535,909,100,11449,11457,11431,11439,11383
65535,909,100,11452,11464,11414,11416,11355
65535,909,100,11463,11464,11435,11403,11360
65535,909,100,11453,11461,11454,11386,11368
65535,909,100,11461,11456,11460,11376,11338
65535,909,100,11463,11449,11461,11368,11359
65535,909,100,11476,11491,11475,11387,11368
65535,909,100,11481,11484,11453,11416,11379
65535,909,100,11479,11470,11457,11398,11348
65535,909,100,11470,11471,11433,11427,11363
65535,909,100,11478,11469,11420,11438,11359
65535,909,100,11464,11459,11413,11445,11372
65535,909,100,11470,11457,11420,11461,11351
65535,909,100,11472,11456,11434,11441,11369
65535,909,100,11479,11455,11455,11455,11379
65535,909,100,11480,11459,11470,11450,11391
65535,909,100,11476,11460,11474,11449,11366
65535,909,100,11476,11459,11491,11428,11376
65535,909,100,11468,11453,11496,11448,11387
65535,909,100,11448,11452,11468,11453,11398
65535,909,100,11453,11453,11450,11445,11394
65535,909,100,11463,11454,11463,11431,11364
65535,909,100,11453,11469,11450,11422,11358
65535,909,100,11459,11473,11470,11409,11367
65535,909,100,11470,11472,11480,11404,11372
65535,909,100,11474,11465,11460,11408,11380
65535,909,100,11486,11468,11446,11401,11396
65535,909,100,11490,11461,11443,11418,11395
65535,909,100,11489,11460,11456,11409,11364
65535,909,100,11479,11461,11455,11436,11347
65535,909,100,11472,11461,11468,11452,11324
65535,909,100,11475,11457,11481,11437,11350
65535,909,100,11485,11467,11450,11451,11322
65535,909,100,11479,11466,11431,11451,11342
65535,909,100,11454,11466,11418,11446,11362
65535,909,100,11467,11471,11434,11459,11380
65535,909,100,11473,11467,11422,11445,11355
65535,909,100,11478,11469,11415,11447,11343
65535,909,100,11470,11462,11411,11456,11328
65535,909,100,11467,11464,11402,11434,11333
65535,909,100,11474,11462,11403,11425,11343
65535,909,100,11486,11461,11422,11441,11356
65535,909,100,11486,11452,11446,11460,11320
65535,909,100,11479,11465,11456,11462,11335
65535,909,100,11481,11465,11446,11451,11347
65535,909,100,11469,11457,11427,11452,11367
65535,909,100,11479,11466,11466,11460,11381
65535,909,100,11463,11478,11435,11434,11384
65535,909,100,11459,11472,11452,11424,11356
65535,909,100,11451,11459,11428,11430,11368
65535,909,100,11455,11455,11445,11440,11355
65535,909,100,11446,11451,11463,11447,11376
65535,909,100,11433,11443,11460,11423,11379
65535,909,100,11430,11440,11473,11436,11373
65535,909,100,11441,11451,11455,11446,11350
65535,909,100,11456,11459,11437,11452,11359
65535,909,100,11452,11462,11451,11431,11345
65535,909,100,11445,11472,11452,11455,11362
65535,909,100,11461,11460,11462,11460,11366
65535,909,100,11483,11457,11470,11441,11370
65535,909,100,11466,11462,11451,11444,11348
65535,909,100,11466,11503,11464,11452,11364
65535,909,100,11463,11486,11444,11425,11372
65535,909,100,11474,11480,11439,11419,11371
65535,909,100,11483,11479,11453,11438,11345
65535,909,100,11476,11477,11436,11454,11356
65535,909,100,11465,11470,11430,11463,11339
65535,909,100,11470,11459,11439,11475,11347
65535,909,100,11474,11460,11431,11449,11364
65535,909,100,11468,11463,11438,11447,11367
65535,909,100,11470,11451,11422,11448,11373
65535,909,100,11485,11461,11437,11455,11377
65535,909,100,11493,11457,11421,11439,11387
65535,909,100,11482,11461,11443,11469,11384
65535,909,100,11486,11454,11416,11438,11389
65535,909,100,11489,11447,11427,11417,11386
65535,909,100,11493,11448,11443,11431,11351
65535,909,100,11479,11452,11429,11433,11337
65535,909,100,11465,11446,11448,11414,11320
65535,909,100,11461,11448,11454,11430,11344
65535,909,100,11454,11452,11468,11433,11342
65535,909,100,11474,11451,11476,11442,11325
65535,909,100,11461,11449,11485,11425,11341
65535,909,100,11470,11451,11471,11412,11360
65535,909,100,11475,11454,11480,11402,11364
65535,909,100,11481,11468,11477,11392,11363
65535,909,100,11474,11455,11453,11403,11368
65535,909,100,11472,11460,11452,11423,11373
65535,909,100,11459,11502,11437,11404,11368
65535,909,100,11470,11487,11448,11424,11373
65535,909,100,11468,11484,11422,11440,11366
65535,909,100,11475,11472,11414,11441,11378
65535,909,100,11469,11508,11405,11416,11348
65535,909,100,11486,11481,11419,11409,11357
65535,909,100,11467,11468,11424,11398,11371
65535,909,100,11466,11463,11440,11423,11380
65535,909,100,11481,11462,11428,11440,11366
65535,909,100,11483,11450,11438,11456,11379
65535,909,100,11482,11449,11447,11461,11384
65535,909,100,11483,11445,11426,11431,11384
65535,909,100,11478,11454,11435,11421,11383
65535,909,100,11463,11443,11446,11404,11386
65535,909,100,11448,11443,11451,11386,11345
65535,909,100,11468,11439,11435,11406,11320
65535,909,100,11445,11432,11450,11422,11333
65535,909,100,11435,11433,11419,11400,11339
65535,909,100,11423,11446,11398,11410,11348
65535,909,100,11425,11437,11398,11390,11354
65535,909,100,11439,11435,11393,11409,11359
65535,909,100,11435,11432,11411,11425,11361
65535,909,100,11434,11447,11427,11406,11369
65535,909,100,11425,11452,11407,11418,11380
65535,909,100,11435,11444,11401,11405,11395
65535,909,100,11453,11447,11414,11399,11387
65535,909,100,11448,11436,11402,11388,11386
65535,909,100,11452,11436,11420,11403,11389
65535,909,100,11445,11436,11446,11414,11382
65535,909,100,11452,11443,11430,11439,11359
65535,909,100,11457,11451,11436,11452,11356
65535,909,100,11456,11451,11425,11455,11354
65535,909,100,11446,11450,11431,11451,11365
65535,909,100,11444,11441,11421,11431,11367
65535,909,100,11439,11431,11447,11421,11363
65535,909,100,11436,11437,11447,11436,11364
65535,909,100,11443,11444,11431,11440,11361
65535,909,100,11450,11438,11439,11453,11365
65535,909,100,11447,11440,11458,11458,11361
65535,909,100,11445,11446,11435,11467,11336
65535,909,100,11457,11445,11417,11440,11335
65535,909,100,11476,11448,11431,11445,11358
65535,909,100,11468,11447,11441,11450,11359
65535,909,100,11457,11450,11445,11437,11340
65535,909,100,11450,11450,11429,11449,11357
65535,909,100,11442,11449,11415,11457,11365
65535,909,100,11442,11454,11426,11422,11384
65535,909,100,11444,11453,11407,11431,11382
65535,909,100,11460,11450,11404,11442,11388
65535,909,100,11450,11456,11419,11421,11356
65535,909,100,11465,11459,11409,11419,11337
65535,909,100,11456,11453,11429,11401,11319
65535,909,100,11445,11454,11431,11418,11344
65535,909,100,11461,11447,11443,11405,11362
65535,909,100,11478,11453,11437,11397,11373
65535,909,100,11483,11448,11430,11413,11373
65535,909,100,11467,11451,11418,11406,11381
65535,909,100,11479,11457,11432,11391,11386
65535,909,100,11471,11453,11449,11413,11390
65535,909,100,11482,11453,11461,11404,11366
65535,909,100,11468,11445,11454,11395,11377
65535,909,100,11460,11459,11470,11384,11385
65535,909,100,11441,11455,11484,11403,11395
65535,909,100,11445,11452,11489,11393,11385
65535,909,100,11443,11448,11462,11386,11355
65535,909,100,11445,11439,11474,11393,11366
65535,909,100,11461,11450,11444,11420,11369
65535,909,100,11476,11456,11429,11406,11375
65535,909,100,11464,11466,11446,11399,11390
65535,909,100,11463,11456,11463,11391,11391
65535,909,100,11457,11452,11462,11416,11372
65535,909,100,11451,11452,11451,11429,11385
65535,909,100,11429,11452,11449,11449,11360
65535,909,100,11427,11450,11453,11427,11361
65535,909,100,11441,11448,11465,11436,11370
65535,909,100,11463,11455,11469,11455,11341
65535,909,100,11468,11458,11450,11434,11354
65535,909,100,11477,11466,11464,11448,11351
65535,909,100,11469,11457,11455,11420,11371
65535,909,100,11463,11460,11442,11404,11374
65535,909,100,11445,11458,11454,11415,11370
65535,909,100,11441,11451,11462,11418,11389
65535,909,100,11461,11458,11453,11408,11368
65535,909,100,11477,11458,11438,11396,11372
65535,909,100,11463,11463,11446,11387,11348
65535,909,100,11471,11465,11459,11414,11331
65535,909,100,11471,11450,11442,11431,11337
65535,909,100,11490,11458,11459,11445,11322
65535,909,100,11502,11449,11458,11451,11309
65535,909,100,11501,11458,11440,11432,11332
65535,909,100,11481,11460,11452,11436,11345
65535,909,100,11481,11452,11471,11439,11353
65535,909,100,11467,11442,11475,11425,11367
65535,909,100,11472,11433,11463,11403,11364
65535,909,100,11480,11426,11470,11425,11342
65535,909,100,11472,11430,11449,11427,11349
65535,909,100,11472,11490,11430,11414,11336
65535,909,100,11474,11481,11416,11395,11317
65535,909,100,11462,11476,11406,11415,11346
65535,909,100,11468,11466,11429,11401,11367
65535,909,100,11467,11464,11441,11398,11344
65535,909,100,11467,11455,11451,11422,11363
65535,909,100,11467,11455,11454,11414,11363
65535,909,100,11460,11444,11457,11397,11366
65535,909,100,11452,11443,11423,11425,11371
65535,909,100,11453,11447,11412,11443,11374
65535,909,100,11457,11448,11436,11466,11373
65535,909,100,11447,11451,11425,11443,11382
65535,909,100,11454,11455,11417,11431,11386
65535,909,100,11446,11464,11423,11439,11362
65535,909,100,11454,11455,11408,11427,11338
65535,909,100,11458,11444,11406,11443,11351
65535,909,100,11467,11446,11425,11457,11351
65535,909,100,11474,11449,11416,11438,11329
65535,909,100,11472,11450,11444,11447,11342
65535,909,100,11463,11446,11451,11435,11356
65535,909,100,11462,11450,11460,11436,11358
65535,909,100,11463,11455,11439,11430,11360
65535,909,100,11445,11445,11425,11436,11368
65535,909,100,11442,11441,11433,11446,11376
65535,909,100,11460,11446,11445,11452,11386
65535,909,100,11463,11499,11462,11429,11386
65535,909,100,11471,11493,11439,11443,11362
65535,909,100,11451,11483,11417,11426,11347
65535,909,100,11464,11474,11418,11436,11352
65535,909,100,11465,11462,11435,11437,11350
65535,909,100,11450,11459,11441,11424,11352
65535,909,100,11450,11453,11454,11433,11356
65535,909,100,11443,11448,11440,11415,11369
65535,909,100,11457,11443,11441,11431,11377
65535,909,100,11471,11439,11453,11448,11373
65535,909,100,11453,11438,11456,11427,11370
65535,909,100,11443,11429,11465,11409,11367
65535,909,100,11449,11486,11469,11393,11340
65535,909,100,11449,11469,11470,11415,11348
65535,909,100,11443,11505,11446,11398,11326
65535,909,100,11451,11487,11441,11420,11339
65535,909,100,11457,11474,11456,11411,11327
65535,909,100,11458,11471,11456,11420,11347
65535,909,100,11457,11460,11435,11396,11326
65535,909,100,11439,11446,11439,11388,11333
65535,909,100,11450,11435,11454,11409,11315
65535,909,100,11461,11439,11456,11395,11338
65535,909,100,11441,11441,11433,11388,11342
65535,909,100,11450,11445,11410,11409,11321
65535,909,100,11461,11451,11408,11427,11301
65535,909,100,11468,11449,11432,11438,11328
65535,909,100,11475,11440,11439,11420,11300
65535,909,100,11464,11441,11439,11410,11285
65535,909,100,11466,11435,11414,11429,11277
65535,909,100,11453,11432,11403,11437,11282
65535,909,100,11445,11484,11420,11445,11270
65535,909,100,11454,11477,11438,11464,11297
65535,909,100,11445,11461,11434,11458,11312
65535,909,100,11455,11459,11437,11467,11325
65535,909,100,11451,11446,11444,11439,11335
65535,909,100,11458,11435,11455,11445,11343
65535,909,100,11458,11437,11428,11442,11347
65535,909,100,11448,11439,11410,11445,11340
65535,909,100,11440,11439,11426,11418,11318
65535,909,100,11434,11443,11449,11434,11328
65535,909,100,11443,11439,11423,11432,11348
65535,909,100,11434,11444,11433,11440,11349
65535,909,100,11422,11436,11440,11413,11350
65535,909,100,11420,11429,11441,11419,11349
65535,909,100,11430,11437,11448,11402,11366
65535,909,100,11440,11436,11460,11384,11338
65535,909,100,11443,11432,11433,11378,11354
65535,909,100,11436,11469,11444,11368,11355
65535,909,100,11431,11458,11452,11387,11364
65535,909,100,11424,11445,11460,11366,11364
65535,909,100,11439,11441,11443,11372,11365
65535,909,100,11449,11432,11418,11371,11364
65535,909,100,11456,11440,11425,11361,11332
65535,909,100,11451,11438,11413,11363,11315
65535,909,100,11455,11431,11418,11386,11325
65535,909,100,11457,11432,11417,11378,11338
65535,909,100,11436,11432,11427,11395,11355
65535,909,100,11431,11428,11440,11412,11360
65535,909,100,11431,11424,11442,11424,11359
65535,909,100,11440,11428,11429,11430,11332
65535,909,100,11437,11425,11405,11437,11311
65535,909,100,11458,11421,11420,11451,11328
65535,909,100,11459,11420,11431,11432,11340
65535,909,100,11466,11424,11436,11441,11319
65535,909,100,11473,11416,11442,11445,11334
65535,909,100,11467,11474,11453,11425,11349
65535,909,100,11468,11461,11430,11434,11358
65535,909,100,11451,11458,11414,11407,11334
65535,909,100,11454,11452,11401,11395,11346
65535,909,100,11458,11439,11386,11382,11315
65535,909,100,11446,11427,11377,11379,11292
65535,909,100,11451,11431,11396,11398,11315
65535,909,100,11457,11428,11414,11410,11323
65535,909,100,11448,11475,11428,11422,11298
65535,909,100,11445,11470,11431,11425,11307
65535,909,100,11434,11459,11418,11439,11329
65535,909,100,11425,11459,11397,11442,11338
65535,909,100,11438,11450,11419,11412,11323
65535,909,100,11445,11446,11423,11425,11328
65535,909,100,11457,11441,11434,11403,11306
65535,909,100,11450,11433,11422,11419,11320
65535,909,100,11448,11437,11444,11406,11336
65535,909,100,11456,11431,11453,11418,11361
65535,909,100,11466,11440,11462,11414,11333
65535,909,100,11467,11439,11469,11425,11343
65535,909,100,11482,11434,11473,11443,11346
65535,909,100,11486,11429,11451,11444,11358
65535,909,100,11491,11433,11423,11449,11328
65535,909,100,11480,11440,11414,11452,11338
65535,909,100,11484,11444,11422,11431,11347
65535,909,100,11471,11448,11409,11443,11324
65535,909,100,11469,11433,11446,11451,11316
65535,909,100,11465,11425,11451,11434,11328
65535,909,100,11447,11427,11444,11445,11318
65535,909,100,11463,11426,11452,11442,11338
65535,909,100,11470,11427,11455,11420,11344
65535,909,100,11456,11432,11456,11401,11347
65535,909,100,11442,11425,11426,11391,11356
65535,909,100,11446,11417,11437,11412,11364
65535,909,100,11441,11420,11449,11415,11359
65535,909,100,11435,11422,11432,11425,11366
65535,909,100,11435,11427,11440,11406,11369
65535,909,100,11428,11427,11448,11426,11374
65535,909,100,11422,11436,11450,11423,11374
65535,909,100,11416,11441,11449,11426,11366
65535,909,100,11420,11440,11451,11406,11330
65535,909,100,11423,11439,11442,11431,11335
65535,909,100,11445,11443,11432,11442,11349
65535,909,100,11442,11438,11439,11439,11343
65535,909,100,11438,11439,11452,11422,11319
65535,909,100,11460,11447,11447,11391,11343
65535,909,100,11473,11453,11458,11404,11346
65535,909,100,11461,11451,11460,11417,11352
65535,909,100,11464,11449,11468,11425,11363
65535,909,100,11477,11452,11446,11432,11371
65535,909,100,11470,11446,11426,11444,11339
65535,909,100,11478,11442,11423,11413,11348
65535,909,100,11472,11440,11410,11393,11321
65535,909,100,11471,11440,11399,11412,11305
65535,909,100,11465,11437,11414,11426,11322
65535,909,100,11456,11434,11437,11408,11342
65535,909,100,11454,11432,11430,11395,11358
65535,909,100,11453,11440,11441,11421,11337
65535,909,100,11439,11437,11422,11428,11353
65535,909,100,11448,11430,11433,11435,11360
65535,909,100,11443,11418,11443,11440,11363
65535,909,100,11444,11418,11429,11443,11355
65535,909,100,11430,11425,11429,11418,11361
65535,909,100,11439,11429,11408,11419,11322
65535,909,100,11429,11425,11415,11422,11333
65535,909,100,11417,11428,11436,11429,11313
65535,909,100,11420,11490,11423,11433,11295
65535,909,100,11433,11473,11436,11433,11315
65535,909,100,11426,11473,11411,11435,11330
65535,909,100,11436,11466,11397,11453,11352
65535,909,100,11431,11457,11424,11434,11359
65535,909,100,11437,11450,11404,11415,11369
65535,909,100,11430,11445,11418,11423,11355
65535,909,100,11415,11446,11417,11428,11360
65535,909,100,11418,11450,11410,11432,11364
65535,909,100,11417,11442,11402,11431,11369
65535,909,100,11434,11443,11406,11443,11372
65535,909,100,11428,11456,11422,11456,11346
65535,909,100,11440,11452,11430,11429,11351
65535,909,100,11443,11456,11436,11441,11359
65535,909,100,11432,11441,11442,11439,11359
65535,909,100,11423,11439,11455,11435,11367
65535,909,100,11426,11441,11452,11438,11363
65535,909,100,11431,11443,11448,11440,11362
65535,909,100,11437,11442,11465,11411,11357
65535,909,100,11450,11431,11472,11422,11360
65535,909,100,11461,11440,11466,11439,11373
65535,909,100,11447,11438,11470,11447,11348
65535,909,100,11458,11434,11474,11413,11355
65535,909,100,11466,11436,11462,11430,11347
65535,909,100,11468,11440,11473,11439,11355
65535,909,100,11461,11435,11472,11412,11344
65535,909,100,11450,11432,11466,11437,11320
65535,909,100,11443,11421,11451,11435,11337
65535,909,100,11443,11425,11454,11442,11331
65535,909,100,11444,11422,11429,11432,11308
65535,909,100,11443,11424,11405,11448,11296
65535,909,100,11430,11422,11415,11415,11314
65535,909,100,11440,11416,11425,11399,11288
65535,909,100,11449,11464,11429,11409,11321
65535,909,100,11455,11453,11411,11429,11343
65535,909,100,11446,11440,11416,11403,11335
65535,909,100,11439,11440,11425,11380,11337
65535,909,100,11441,11435,11419,11374,11315
65535,909,100,11449,11438,11428,11397,11334
65535,909,100,11440,11436,11439,11412,11340
65535,909,100,11419,11477,11418,11416,11343
65535,909,100,11436,11457,11430,11421,11356
65535,909,100,11433,11448,11407,11407,11357
65535,909,100,11446,11439,11431,11392,11330
65535,909,100,11448,11425,11412,11402,11340
65535,909,100,11453,11424,11400,11388,11311
65535,909,100,11431,11419,11392,11397,11291
65535,909,100,11433,11415,11411,11404,11277
65535,909,100,11425,11421,11417,11409,11307
65535,909,100,11424,11422,11403,11430,11323
65535,909,100,11415,11423,11388,11415,11333
65535,909,100,11408,11426,11401,11403,11344
65535,909,100,11419,11426,11407,11413,11345
65535,909,100,11414,11472,11408,11394,11345
65535,909,100,11411,11458,11410,11398,11349
65535,909,100,11425,11451,11392,11407,11340
65535,909,100,11437,11421,11400,11412,11334
65535,909,100,11427,11412,11406,11423,11336
65535,909,100,11422,11419,11391,11432,11311
65535,909,100,11438,11412,11403,11429,11318
65535,909,100,11438,11424,11411,11405,11333
65535,909,100,11441,11426,11404,11389,11342
65535,909,100,11439,11428,11413,11403,11325
65535,909,100,11443,11429,11394,11422,11322
65535,909,100,11441,11434,11409,11411,11336
65535,909,100,11425,11428,11427,11408,11348
65535,909,100,11426,11425,11437,11384,11323
65535,909,100,11435,11472,11458,11404,11324
65535,909,100,11433,11460,11440,11386,11302
65535,909,100,11428,11446,11440,11372,11279
65535,909,100,11431,11432,11453,11359,11294
65535,909,100,11437,11431,11434,11394,11321
65535,909,100,11446,11422,11426,11404,11336
65535,909,100,11455,11418,11431,11389,11313
65535,909,100,11460,11428,11434,11382,11322
65535,909,100,11440,11430,11426,11377,11336
65535,909,100,11434,11421,11406,11363,11331
65535,909,100,11427,11421,11393,11362,11327
65535,909,100,11423,11431,11410,11355,11311
65535,909,100,11421,11422,11399,11377,11330
65535,909,100,11414,11422,11415,11396,11337
65535,909,100,11416,11433,11398,11422,11345
65535,909,100,11433,11483,11389,11424,11342
65535,909,100,11431,11472,11393,11400,11355
65535,909,100,11431,11460,11377,11411,11364
65535,909,100,11432,11458,11366,11395,11356
65535,909,100,11417,11450,11387,11383,11325
65535,909,100,11415,11451,11396,11404,11329
65535,909,100,11423,11444,11418,11386,11309
65535,909,100,11416,11446,11430,11398,11315
65535,909,100,11401,11443,11443,11402,11293
65535,909,100,11416,11449,11452,11385,11297
65535,909,100,11423,11442,11446,11405,11276
65535,909,100,11434,11441,11428,11394,11307
65535,909,100,11447,11435,11413,11407,11288
65535,909,100,11456,11436,11432,11392,11307
65535,909,100,11462,11435,11442,11413,11310
65535,909,100,11455,11440,11452,11399,11321
65535,909,100,11445,11439,11450,11417,11327
65535,909,100,11457,11431,11431,11429,11339
65535,909,100,11455,11428,11422,11442,11341
65535,909,100,11473,11422,11438,11459,11312
65535,909,100,11459,11437,11446,11464,11332
65535,909,100,11456,11438,11457,11432,11339
65535,909,100,11465,11436,11455,11436,11347
65535,909,100,11461,11439,11459,11447,11345
65535,909,100,11463,11437,11445,11454,11342
65535,909,100,11459,11439,11447,11433,11355
65535,909,100,11459,11439,11457,11416,11360
65535,909,100,11448,11427,11463,11428,11366
65535,909,100,11433,11436,11465,11404,11359
65535,909,100,11432,11438,11472,11411,11353
65535,909,100,11442,11433,11443,11420,11334
65535,909,100,11460,11431,11453,11431,11311
65535,909,100,11468,11429,11430,11432,11333
65535,909,100,11463,11439,11441,11452,11312
65535,909,100,11460,11443,11433,11472,11335
65535,909,100,11466,11441,11416,11466,11352
65535,909,100,11452,11449,11421,11447,11352
65535,909,100,11456,11443,11437,11453,11363
65535,909,100,11446,11440,11431,11448,11361
65535,909,100,11436,11448,11448,11426,11369
65535,909,100,11440,11454,11432,11432,11387
65535,909,100,11447,11452,11418,11407,11384
65535,909,100,11444,11447,11404,11410,11377
65535,909,100,11430,11448,11429,11418,11383
65535,909,100,11414,11444,11440,11434,11342
65535,909,100,11425,11437,11454,11449,11308
65535,909,100,11437,11446,11439,11447,11297
65535,909,100,11432,11450,11426,11423,11328
65535,909,100,11450,11446,11414,11412,11332
65535,909,100,11432,11442,11419,11425,11332
65535,909,100,11430,11434,11407,11437,11317
65535,909,100,11430,11433,11423,11447,11327
65535,909,100,11431,11429,11426,11448,11331
65535,909,100,11428,11431,11439,11448,11340
65535,909,100,11437,11431,11457,11429,11344
65535,909,100,11440,11433,11458,11412,11324
65535,909,100,11444,11444,11443,11400,11304
65535,909,100,11460,11442,11423,11391,11292
65535,909,100,11452,11444,11433,11386,11321
65535,909,100,11445,11441,11439,11404,11340
65535,909,100,11432,11445,11420,11386,11319
65535,909,100,11449,11452,11428,11413,11333
65535,909,100,11427,11447,11436,11396,11344
65535,909,100,11418,11438,11446,11374,11321
65535,909,100,11440,11438,11449,11392,11341
65535,909,100,11448,11439,11434,11408,11345
65535,909,100,11431,11436,11411,11411,11351
65535,909,100,11446,11434,11399,11394,11335
65535,909,100,11445,11433,11404,11394,11341
65535,909,100,11445,11431,11421,11380,11333
65535,909,100,11448,11433,11405,11367,11307
65535,909,100,11446,11428,11415,11359,11324
65535,909,100,11442,11422,11425,11384,11334
65535,909,100,11443,11432,11401,11401,11348
65535,909,100,11452,11437,11396,11403,11322
65535,909,100,11447,11433,11385,11384,11328
65535,909,100,11443,11428,11411,11384,11341
65535,909,100,11446,11425,11392,11367,11322
65535,909,100,11445,11437,11417,11384,11334
65535,909,100,11432,11429,11432,11402,11352
65535,909,100,11441,11479,11439,11416,11350
65535,909,100,11457,11472,11423,11428,11321
65535,909,100,11459,11461,11408,11436,11298
65535,909,100,11465,11459,11416,11446,11327
65535,909,100,11463,11456,11426,11419,11334
65535,909,100,11464,11449,11436,11431,11342
65535,909,100,11436,11438,11453,11423,11375
65535,909,100,11450,11435,11452,11433,11368
65535,909,100,11447,11430,11426,11442,11368
65535,909,100,11439,11429,11437,11418,11356
65535,909,100,11444,11425,11415,11416,11348
65535,909,100,11441,11421,11439,11436,11359
65535,909,100,11429,11423,11416,11434,11357
65535,909,100,11416,11422,11427,11410,11351
65535,909,100,11423,11433,11448,11392,11347
65535,909,100,11424,11430,11452,11409,11357
65535,909,100,11434,11433,11447,11410,11370
65535,909,100,11421,11429,11448,11424,11345
65535,909,100,11437,11428,11425,11407,11349
65535,909,100,11446,11424,11435,11416,11363
65535,909,100,11458,11440,11417,11433,11366
65535,909,100,11463,11444,11404,11418,11380
65535,909,100,11469,11447,11402,11432,11381
65535,909,100,11478,11447,11423,11414,11388
65535,909,100,11467,11443,11445,11437,11392
65535,909,100,11476,11445,11426,11439,11360
65535,909,100,11477,11456,11443,11449,11378
65535,909,100,11447,11452,11444,11426,11376
65535,909,100,11460,11446,11433,11413,11388
65535,909,100,11467,11449,11425,11428,11392
65535,909,100,11464,11445,11436,11448,11385
65535,909,100,11458,11438,11421,11431,11378
65535,909,100,11459,11442,11442,11440,11385
65535,909,100,11445,11441,11424,11463,11360
65535,909,100,11457,11442,11404,11469,11356
65535,909,100,11452,11444,11394,11445,11356
65535,909,100,11451,11437,11404,11417,11340
65535,909,100,11439,11438,11394,11434,11325
65535,909,100,11436,11445,11396,11441,11301
65535,909,100,11444,11440,11416,11413,11317
65535,909,100,11448,11425,11406,11438,11314
65535,909,100,11453,11427,11389,11417,11334
65535,909,100,11467,11426,11376,11433,11350
65535,909,100,11476,11433,11402,11447,11351
65535,909,100,11474,11428,11427,11447,11367
65535,909,100,11457,11436,11412,11455,11371
65535,909,100,11463,11436,11396,11459,11378
65535,909,100,11445,11431,11422,11466,11379
65535,909,100,11451,11434,11402,11469,11378
65535,909,100,11456,11445,11389,11464,11380
65535,909,100,11465,11442,11388,11465,11369
65535,909,100,11443,11440,11384,11465,11333
65535,909,100,11442,11440,11370,11462,11329
65535,909,100,11431,11441,11376,11459,11328
65535,909,100,11443,11439,11376,11461,11343
65535,909,100,11436,11431,11427,11437,11358
65535,909,100,11444,11431,11435,11419,11337
65535,909,100,11446,11431,11426,11431,11350
65535,909,100,11446,11435,11412,11432,11367
65535,909,100,11454,11432,11425,11410,11363
65535,909,100,11460,11431,11440,11403,11367
65535,909,100,11450,11432,11448,11413,11374
65535,909,100,11452,11428,11430,11424,11347
65535,909,100,11456,11425,11440,11406,11351
65535,909,100,11458,11428,11441,11396,11354
65535,909,100,11454,11422,11425,11399,11359
65535,909,100,11441,11428,11444,11391,11366
65535,909,100,11456,11430,11418,11401,11341
65535,909,100,11443,11434,11425,11414,11357
65535,909,100,11453,11430,11436,11424,11352
65535,909,100,11447,11424,11424,11397,11371
65535,909,100,11442,11424,11420,11413,11339
65535,909,100,11437,11431,11439,11404,11346
65535,909,100,11443,11424,11436,11390,11351
65535,909,100,11447,11425,11420,11414,11366
65535,909,100,11454,11427,11399,11423,11370
65535,909,100,11461,11433,11415,11424,11365
65535,909,100,11462,11428,11428,11411,11364
65535,909,100,11465,11430,11427,11397,11358
65535,909,100,11456,11424,11415,11379,11364
65535,909,100,11462,11419,11422,11370,11365
65535,909,100,11462,11423,11429,11387,11338
65535,909,100,11463,11416,11422,11408,11354
65535,909,100,11462,11425,11438,11412,11357
65535,909,100,11459,11438,11444,11392,11358
65535,909,100,11450,11441,11460,11412,11333
65535,909,100,11460,11436,11457,11419,11311
65535,909,100,11450,11424,11455,11427,11303
65535,909,100,11454,11436,11430,11412,11331
65535,909,100,11463,11436,11434,11394,11339
65535,909,100,11459,11444,11433,11375,11356
65535,909,100,11447,11442,11416,11405,11364
65535,909,100,11452,11436,11405,11395,11371
65535,909,100,11446,11442,11404,11403,11342
65535,909,100,11433,11430,11441,11397,11337
65535,909,100,11439,11434,11444,11384,11311
65535,909,100,11427,11448,11445,11406,11330
65535,909,100,11435,11447,11443,11426,11335
65535,909,100,11446,11427,11451,11411,11328
65535,909,100,11457,11435,11441,11420,11345
65535,909,100,11439,11439,11448,11433,11359
65535,909,100,11441,11436,11456,11409,11354
65535,909,100,11448,11442,11436,11406,11371
65535,909,100,11450,11445,11444,11417,11340
65535,909,100,11450,11454,11432,11402,11346
65535,909,100,11453,11445,11442,11415,11351
65535,909,100,11447,11439,11462,11422,11354
65535,909,100,11441,11448,11442,11445,11355
65535,909,100,11455,11450,11429,11424,11332
65535,909,100,11445,11451,11422,11437,11345
65535,909,100,11455,11449,11413,11419,11323
65535,909,100,11458,11445,11400,11409,11329
65535,909,100,11464,11450,11391,11397,11342
65535,909,100,11449,11442,11420,11389,11343
65535,909,100,11451,11438,11403,11380,11342
65535,909,100,11439,11439,11414,11415,11347
65535,909,100,11444,11438,11402,11401,11361
65535,909,100,11450,11440,11396,11388,11368
65535,909,100,11459,11443,11418,11381,11375
65535,909,100,11446,11436,11438,11370,11375
65535,909,100,11438,11437,11450,11389,11369
65535,909,100,11440,11443,11462,11416,11370
65535,909,100,11451,11442,11476,11406,11372
65535,909,100,11443,11451,11482,11433,11377
65535,909,100,11454,11450,11485,11417,11392
65535,909,100,11453,11449,11490,11426,11387
65535,909,100,11457,11455,11494,11411,11383
65535,909,100,11456,11448,11471,11424,11385
65535,909,100,11445,11446,11468,11429,11355
65535,909,100,11443,11443,11470,11434,11357
65535,909,100,11454,11444,11444,11448,11364
65535,909,100,11442,11444,11450,11455,11337
65535,909,100,11451,11492,11450,11461,11345
65535,909,100,11438,11481,11455,11445,11351
65535,909,100,11447,11470,11460,11422,11351
65535,909,100,11451,11469,11466,11434,11328
65535,909,100,11452,11466,11469,11438,11343
65535,909,100,11443,11461,11448,11438,11339
65535,909,100,11439,11464,11463,11418,11356
65535,909,100,11433,11464,11468,11401,11364
65535,909,100,11442,11517,11470,11396,11372
65535,909,100,11451,11500,11454,11415,11377
65535,909,100,11445,11485,11442,11427,11373
65535,909,100,11444,11480,11461,11411,11354
65535,909,100,11448,11474,11442,11403,11367
65535,909,100,11459,11471,11453,11416,11369
65535,909,100,11445,11466,11460,11402,11381
65535,909,100,11434,11463,11465,11423,11394
65535,909,100,11448,11462,11476,11409,11400
65535,909,100,11443,11460,11471,11395,11394
65535,909,100,11444,11456,11451,11417,11393
65535,909,100,11447,11459,11449,11425,11395
65535,909,100,11467,11446,11437,11436,11380
65535,909,100,11466,11437,11444,11431,11378
65535,909,100,11459,11446,11426,11434,11348
65535,909,100,11444,11445,11415,11443,11328
65535,909,100,11462,11442,11427,11454,11332
65535,909,100,11464,11450,11439,11434,11345
65535,909,100,11451,11457,11430,11418,11355
65535,909,100,11465,11446,11436,11432,11360
65535,909,100,11471,11444,11446,11405,11365
65535,909,100,11483,11447,11448,11392,11375
65535,909,100,11476,11445,11464,11402,11384
65535,909,100,11477,11449,11462,11418,11351
65535,909,100,11485,11449,11442,11421,11332
65535,909,100,11482,11446,11430,11426,11341
65535,909,100,11471,11441,11451,11409,11354
65535,909,100,11467,11442,11454,11388,11367
65535,909,100,11459,11440,11439,11416,11372
65535,909,100,11449,11447,11447,11430,11372
65535,909,100,11452,11439,11452,11440,11378
65535,909,100,11443,11426,11453,11446,11364
65535,909,100,11436,11433,11446,11427,11370
65535,909,100,11433,11421,11442,11405,11369
65535,909,100,11451,11476,11443,11413,11370
65535,909,100,11439,11467,11452,11423,11367
65535,909,100,11444,11457,11431,11430,11363
65535,909,100,11458,11455,11456,11416,11372
65535,909,100,11473,11455,11439,11403,11375
65535,909,100,11458,11449,11448,11423,11379
65535,909,100,11458,11451,11434,11432,11376
65535,909,100,11466,11441,11437,11447,11382
65535,909,100,11471,11435,11444,11451,11377
65535,909,100,11449,11441,11460,11421,11376
65535,909,100,11455,11445,11433,11428,11381
65535,909,100,11455,11451,11415,11440,11379
65535,909,100,11464,11438,11418,11449,11384
65535,909,100,11455,11447,11425,11440,11384
65535,909,100,11466,11453,11416,11417,11378
65535,909,100,11460,11458,11423,11431,11374
65535,909,100,11455,11459,11436,11426,11375
65535,909,100,11468,11451,11443,11434,11371
65535,909,100,11484,11443,11436,11408,11379
65535,909,100,11472,11443,11447,11433,11350
65535,909,100,11479,11439,11462,11443,11360
65535,909,100,11487,11450,11470,11426,11364
65535,909,100,11491,11455,11473,11430,11373
65535,909,100,11495,11454,11477,11443,11378
65535,909,100,11476,11450,11481,11431,11375
65535,909,100,11480,11445,11454,11422,11347
65535,909,100,11456,11495,11466,11426,11346
65535,909,100,11439,11480,11475,11408,11324
65535,909,100,11432,11472,11465,11400,11334
65535,909,100,11433,11459,11470,11416,11338
65535,909,100,11437,11461,11465,11422,11355
65535,909,100,11432,11466,11448,11411,11372
65535,909,100,11448,11463,11468,11427,11340
65535,909,100,11442,11454,11448,11405,11340
65535,909,100,11434,11448,11451,11389,11347
65535,909,100,11439,11438,11430,11376,11349
65535,909,100,11433,11441,11446,11400,11331
65535,909,100,11425,11445,11449,11390,11309
65535,909,100,11420,11433,11449,11402,11318
65535,909,100,11447,11475,11454,11395,11335
65535,909,100,11459,11523,11427,11413,11345
65535,909,100,11446,11561,11444,11397,11352
65535,909,100,11455,11524,11426,11380,11362
65535,909,100,11454,11514,11445,11371,11328
65535,909,100,11463,11501,11464,11387,11303
65535,909,100,11467,11488,11440,11404,11330
65535,909,100,11456,11475,11443,11421,11333
65535,909,100,11463,11446,11460,11408,11343
65535,909,100,11444,11453,11467,11412,11356
65535,909,100,11444,11447,11439,11416,11370
65535,909,100,11450,11444,11445,11426,11390
